,
,
,
elmo-sky-intro2.avi,9d0733e40c36b98bb02d7a93d5a10b55.avi
,
,
,
,
Calibration,
Ref-ASD-birthday2.avi,0cd600b7f5b8bb2db681720981c41156.avi
R_flower_BRUSH.jpg,"bc31fb238f74ccbebecd4929b5ed0389_1680x1050.jpg"">
"
,
,
,
,
L_MODI_gazzer.jpg,"959eb41e74c48d028b39694e21736ba5_1680x1050.jpg"">
"
,
,
,
,
kites.jpg,"bb09a1f73d353338af92ddc2ac2eaad2_1680x1050.jpg"">
"
,
,
,
,
R_moon_SCISSORS.jpg,"b2ff49b548c3f66e328a7e518d064615_1680x1050.jpg"">
"
,
,
,
,
R_gazzer_MODI.jpg,"924599c418f5655b2255cdbb48988025_1680x1050.jpg"">
"
,
,
,
,
L_BALLOON_sock.jpg,"7289f6ea11fe7a3468155d790d5ec10c_1680x1050.jpg"">
"
,
,
,
,
L_GAZZER_modi.jpg,"7c9adfd03d1ec4bf68b3ffaa37215646_1680x1050.jpg"">
"
,
,
,
,
blocks.jpg,"3695699dbee148291cbf22649612aea5_1680x1050.jpg"">
"
,
,
,
,
L_SHOVEL_butterfly.jpg,"ddb709662f4616d344f64bc4aea8ecd6_1680x1050.jpg"">
"
,
,
,
,
R_modi_GAZZER.jpg,"fa20f8349a7f52de48545fafed798bf7_1680x1050.jpg"">
"
,
,
,
,
BE-objects2.avi,b4627190215d9f48ac68598c840d608c.avi
L_SOCK_brush.jpg,"9810aeb004392f3f74f5e67071f24829_1680x1050.jpg"">
"
,
,
,
,
R_gazzer_MODI.jpg,"98296de2899e4aeb1f84298d6af075d2_1680x1050.jpg"">
"
,
,
,
,
coloring.jpg,"a1ce25fcb37041e2ee0bb6c6c679c5bc_1680x1050.jpg"">
"
,
,
,
,
L_MOON_shovel.jpg,"cb6ae9571703f29217167f9fd4064963_1680x1050.jpg"">
"
,
,
,
,
R_modi_GAZZER.jpg,"a01b3b099018313eb014cef22b60ab6a_1680x1050.jpg"">
"
,
,
,
,
R_balloon_FLOWER.jpg,"aaec56e1e5aa186ac7b2c581b83da949_1680x1050.jpg"">
"
,
,
,
,
L_MODI_gazzer.jpg,"7afb7881f9b839e534b552e6250ce192_1680x1050.jpg"">
"
,
,
,
,
horse.jpg,"443092183972c2f20dbe41d3d12f5c91_1680x1050.jpg"">
"
,
,
,
,
R_scissors_BUTTERFLY.jpg,"9db3a65b74cf07a5e1894e5ef634193d_1680x1050.jpg"">
"
,
,
,
,
L_GAZZER_modi.jpg,"5d0c6e5c60c561b6591c7540d6432807_1680x1050.jpg"">
"
,
,
,
,
blank.jpg,2b7283d769a5c8c1d3aac0d3e02ba3c7_1680x1050.jpg
,
,
,
,
,
elmo_sky_intro11.avi,f4ec63517d42fd8e75e1f89f998ebbad.avi
,
,
,
,
Calibration,
,
,
,
,
Reflook4_4.avi,b449de3c0f366fecf9a6ba785d16f817.avi
O_book_dog.jpg,"01b73f5d4ab7ccb4d6534ff8862f48c0_1680x1050.jpg"">
"
,
,
,
,
O_fep_toma.jpg,"176e9065d3f48cfe084990a126455dcf_1680x1050.jpg"">
"
,
,
,
,
Train.jpg,"c44a1503b2b751859c150c08ceda82eb_1680x1050.jpg"">
"
,
,
,
,
T_clock_frog.jpg,"66be4f302a36828c4474443863d0d6fc_1680x1050.jpg"">
"
,
,
,
,
O_toma_fep.jpg,"5288b569a98df5754294fbcbf90ca294_1680x1050.jpg"">
"
,
,
,
,
O_dog_car.jpg,"f73b86aa982e99ddeb066583b9db7914_1680x1050.jpg"">
"
,
,
,
,
T_toma_fep.jpg,"ff2ebfde42fa9db6fc41dfde3d5f9904_1680x1050.jpg"">
"
,
,
,
,
doradiego.jpg,"cf0425b47cf524f15db2e6b09c1b1205_1680x1050.jpg"">
"
,
,
,
,
T_frog_carrot.jpg,"34167cce8be3da0c2d4594172ac1381f_1680x1050.jpg"">
"
,
,
,
,
T_fep_toma.jpg,"2581fdd8240bc127c373b4f8071b7fce_1680x1050.jpg"">
"
,
,
,
,
faces3_quiet15.avi,c52363d32a8e491fc502c536b2222fcb.avi
O_lamp_carrot.jpg,"6a3476729ccc8702cbc0f7aabe5ea71d_1680x1050.jpg"">
"
,
,
,
,
T_fep_toma.jpg,"26df2b4432b36edcde3e80c8ff948854_1680x1050.jpg"">
"
,
,
,
,
hungrybaby.jpg,"8804719f528cd876683e522e3a294c89_1680x1050.jpg"">
"
,
,
,
,
O_clock_lamp.jpg,"58675be772a28de34d5b03321f34476d_1680x1050.jpg"">
"
,
,
,
,
T_toma_fep.jpg,"cc091296a4427c7ac7d32cb7b4f93754_1680x1050.jpg"">
"
,
,
,
,
T_banana_car.jpg,"f39d1f94da8e840ebbf2164fc5a80776_1680x1050.jpg"">
"
,
,
,
,
O_toma_fep.jpg,"25d93019b869b3f298c16e10af97edae_1680x1050.jpg"">
"
,
,
,
,
rowboat.jpg,"2fb7f80f7ba01809cdab8c86934512d3_1680x1050.jpg"">
"
,
,
,
,
T_book_banana.jpg,"c230583242069003959eb46ca786b404_1680x1050.jpg"">
"
,
,
,
,
O_fep_toma.jpg,"08388e9e00b2de3e21411bfa9ec43499_1680x1050.jpg"">
"
,
,
,
,
blank.jpg,2b7283d769a5c8c1d3aac0d3e02ba3c7_1680x1050.jpg
Calibration,
,
,
,
,
simpkidsL1.003.png,"85244d19dc8e81fcbb70cad675cff85e_1680x1050.jpg"">
"
,
,
,
,
blank.png,cc84e3535ccc77bb6b46e2b95b7208e2_1680x1050.jpg
simpkidsL1.004.png,"bf9fa68d357f5c4b3674658fa789d1a2_1680x1050.jpg"">
"
,
,
,
,
blank.png,cc84e3535ccc77bb6b46e2b95b7208e2_1680x1050.jpg
simpkidsL1.005.png,"e1a4e6ed2baa074a7525f00263b37d2d_1680x1050.jpg"">
"
,
,
,
,
blank.png,cc84e3535ccc77bb6b46e2b95b7208e2_1680x1050.jpg
simpkidsL1.006.png,"7241647a3eba747a0ca8a4d21f14e8ac_1680x1050.jpg"">
"
,
,
,
,
blank.png,cc84e3535ccc77bb6b46e2b95b7208e2_1680x1050.jpg
simpkidsL1.007.png,"59f5ebc182c243f1d758052fede6f045_1680x1050.jpg"">
"
,
,
,
,
,
,
